brand,OS,processor,RAM,storage,display,num_of_ratings,num_of_reviews,warranty,product_rating,price
ASUS,Chrome OS,Intel i1,4,512.0,14,2594.0,228.0,1,3.8,13990.0
Lenovo,Chrome OS,MediaTek,8,512.0,14,1463.0,125.0,1,3.8,23850.0
ASUS,Windows OS,Intel i5,16,512.0,15,7525.0,419.0,1,4.2,48990.0
HP,Windows OS,Intel i5,16,512.0,15,61.0,3.0,1,4.4,62990.0
Acer,Windows OS,Intel i7,16,1024.0,14,88.0,9.0,1,4.1,84990.0
HP,Chrome OS,Intel i1,4,512.0,14,1960.0,141.0,1,4.1,19990.0
Acer,Windows OS,Intel i7,16,512.0,14,495.0,33.0,1,4.3,43990.0
MSI,Windows OS,Intel i5,16,512.0,14,193.0,21.0,1,4.4,41990.0
MSI,Windows OS,Intel i7,16,512.0,15,126.0,13.0,2,4.1,59990.0
Acer,Windows OS,Intel i1,8,512.0,14,400.0,60.0,1,3.8,19990.0
SAMSUNG,Windows OS,Intel i3,8,512.0,15,2726.0,340.0,1,4.5,41990.0
ASUS,Chrome OS,Intel i1,4,512.0,15,2242.0,201.0,1,3.8,14990.0
Acer,Windows OS,Intel i5,8,512.0,15,1836.0,133.0,1,4.3,52990.0
Acer,Windows OS,Intel i5,16,512.0,15,1836.0,133.0,1,4.3,54990.0
ASUS,Windows OS,Intel i7,16,512.0,15,81.0,8.0,1,4.5,83990.0
Acer,Windows OS,Intel i5,8,512.0,14,2692.0,194.0,1,4.1,38990.0
SAMSUNG,Windows OS,Intel i7,16,512.0,14,914.0,78.0,1,4.1,139990.0
SAMSUNG,Windows OS,Intel i7,16,512.0,16,914.0,78.0,1,4.1,149990.0
Acer,Windows OS,Intel i5,16,512.0,14,2692.0,194.0,1,4.1,40990.0
Acer,Windows OS,AMD Ryzen 7,16,512.0,15,278.0,40.0,1,4.3,68990.0
SAMSUNG,Windows OS,Intel i7,16,1024.0,15,914.0,78.0,1,4.1,138990.0
SAMSUNG,Windows OS,Intel i7,32,1024.0,15,914.0,78.0,1,4.1,154990.0
ASUS,Windows OS,Intel i3,8,512.0,15,12211.0,953.0,1,4.3,32990.0
MSI,Windows OS,Intel i7,16,512.0,15,6.0,0.0,1,4.0,63990.0
SAMSUNG,Windows OS,Intel i3,8,512.0,15,2726.0,340.0,1,4.5,41990.0
HP,Windows OS,Intel i3,16,512.0,15,30.0,4.0,1,3.9,33790.0
ASUS,Chrome OS,Intel i1,4,512.0,14,2594.0,228.0,1,3.8,13990.0
Lenovo,Chrome OS,MediaTek,8,512.0,14,1463.0,125.0,1,3.8,23850.0
Acer,Windows OS,Intel i5,12,512.0,15,361.0,37.0,1,4.2,44990.0
ASUS,Windows OS,Intel i3,8,512.0,15,12211.0,953.0,1,4.3,32700.0
HP,Chrome OS,Intel i1,4,512.0,14,1960.0,141.0,1,4.1,19990.0
Acer,Windows OS,Intel i5,16,512.0,14,2692.0,194.0,1,4.1,40990.0
HP,Windows OS,AMD Ryzen 3,16,512.0,15,13.0,0.0,1,4.4,28090.0
Lenovo,Windows OS,AMD Ryzen 7,24,512.0,15,853.0,63.0,1,4.5,87990.0
Acer,Windows OS,Intel i7,16,1024.0,16,80.0,12.0,1,4.4,114990.0
Acer,Windows OS,,16,512.0,14,106.0,23.0,1,4.5,64990.0
ASUS,Chrome OS,Intel i1,4,512.0,15,2242.0,201.0,1,3.8,14990.0
SAMSUNG,Windows OS,Intel i7,16,512.0,14,914.0,78.0,1,4.1,139990.0
ASUS,Windows OS,Intel i3,8,512.0,15,23.0,3.0,1,4.3,36990.0
ASUS,Windows OS,Intel i3,16,512.0,15,12211.0,953.0,1,4.3,36990.0
SAMSUNG,Windows OS,Intel i7,16,512.0,16,914.0,78.0,1,4.1,149990.0
SAMSUNG,Windows OS,Intel i7,16,1024.0,15,914.0,78.0,1,4.1,138990.0
Lenovo,Windows OS,Intel i5,8,512.0,14,754.0,55.0,1,4.1,35490.0
Lenovo,Windows OS,Intel i7,24,512.0,15,161.0,18.0,1,4.6,109990.0
HP,Windows OS,AMD Ryzen 3,8,512.0,15,278.0,27.0,1,4.1,25799.0
Lenovo,Windows OS,Intel i5,16,512.0,15,1472.0,131.0,1,4.3,72990.0
SAMSUNG,Windows OS,Intel i7,32,1024.0,15,914.0,78.0,1,4.1,154990.0
SAMSUNG,Windows OS,Intel i7,32,1024.0,16,914.0,78.0,1,4.1,181990.0
MSI,Windows OS,Intel i7,16,512.0,14,2.0,1.0,1,5.0,49990.0
MSI,Windows OS,Intel i3,8,512.0,14,15.0,1.0,1,4.6,28990.0
HP,Chrome OS,Intel i1,4,512.0,14,1960.0,141.0,1,4.1,19990.0
SAMSUNG,Windows OS,Intel i3,8,512.0,15,2726.0,340.0,1,4.5,41990.0
ASUS,Windows OS,Intel i5,8,512.0,15,136.0,5.0,1,4.2,45990.0
Lenovo,Windows OS,Intel i5,16,512.0,15,558.0,42.0,1,4.3,72990.0
SAMSUNG,Windows OS,Intel i5,16,512.0,15,5535.0,485.0,1,4.5,59990.0
MSI,Windows OS,Intel i3,8,512.0,14,110.0,14.0,1,4.4,30500.0
Lenovo,Chrome OS,MediaTek,8,512.0,14,1463.0,125.0,1,3.8,23850.0
SAMSUNG,Windows OS,Intel i7,16,512.0,15,914.0,78.0,1,4.1,122990.0
ASUS,Chrome OS,Intel i1,4,512.0,14,2594.0,228.0,1,3.8,13990.0
HP,Windows OS,AMD Ryzen 5,16,512.0,15,26.0,4.0,1,3.9,43990.0
ASUS,Chrome OS,Intel i1,4,512.0,15,2242.0,201.0,1,3.8,14990.0
CHUWI,Windows OS,Intel i1,8,256.0,14,1357.0,162.0,1,3.7,15990.0
HP,Windows OS,Intel i5,16,512.0,16,142.0,10.0,1,4.4,72990.0
Lenovo,Windows OS,Intel i7,32,1024.0,14,142.0,18.0,1,4.3,99900.0
Acer,Windows OS,Intel i1,8,256.0,14,400.0,60.0,1,3.8,15990.0
HP,Windows OS,Intel i3,8,512.0,15,6847.0,564.0,1,4.2,41370.0
SAMSUNG,Windows OS,Intel i7,16,512.0,16,914.0,78.0,1,4.1,149990.0
SAMSUNG,Windows OS,Intel i7,32,1024.0,16,914.0,78.0,1,4.1,181990.0
Lenovo,Windows OS,Intel i7,16,1024.0,15,10.0,0.0,1,4.9,109990.0
Acer,Windows OS,AMD Ryzen 5,16,512.0,15,473.0,47.0,1,4.4,57990.0
SAMSUNG,Windows OS,Intel i7,16,1024.0,15,914.0,78.0,1,4.1,138990.0
SAMSUNG,Windows OS,Intel i7,16,512.0,14,914.0,78.0,1,4.1,139990.0
Lenovo,Chrome OS,MediaTek,8,512.0,14,1463.0,125.0,1,3.8,23850.0
HP,Windows OS,AMD Ryzen 5,8,512.0,15,42.0,5.0,1,3.9,31400.0
HP,Windows OS,Intel i3,16,512.0,15,55.0,6.0,1,3.6,33999.0
Primebook,Chrome OS,MediaTek,4,512.0,14,3007.0,890.0,1,4.2,12990.0
SAMSUNG,Windows OS,Intel i3,8,512.0,15,2726.0,340.0,1,4.5,41990.0
ASUS,Chrome OS,Intel i1,4,512.0,14,2594.0,228.0,1,3.8,13990.0
Acer,Windows OS,AMD Ryzen 5,16,512.0,14,797.0,93.0,1,4.3,39990.0
ASUS,Windows OS,Intel i5,8,512.0,15,7525.0,419.0,1,4.2,42190.0
CHUWI,Windows OS,Intel i1,8,256.0,14,1357.0,162.0,1,3.7,15990.0
HP,Chrome OS,Intel i1,4,512.0,14,1960.0,141.0,1,4.1,19990.0
Acer,Windows OS,AMD Ryzen 3,16,512.0,15,31.0,5.0,1,4.3,31990.0
Lenovo,Windows OS,Intel i5,16,512.0,15,645.0,46.0,1,4.2,52990.0
Acer,Windows OS,AMD Ryzen 3,16,512.0,15,326.0,32.0,1,4.2,28990.0
Lenovo,Windows OS,AMD Ryzen 5,16,512.0,15,2041.0,157.0,1,4.2,35990.0
SAMSUNG,Windows OS,Intel i7,16,512.0,14,914.0,78.0,1,4.1,139990.0
SAMSUNG,Windows OS,Intel i7,32,1024.0,15,914.0,78.0,1,4.1,154990.0
Lenovo,Windows OS,AMD Ryzen 3,8,512.0,15,42.0,4.0,1,3.9,27290.0
Infinix,Windows OS,Intel i5,16,512.0,16,475.0,80.0,1,4.2,53990.0
SAMSUNG,Windows OS,Intel i7,16,1024.0,15,914.0,78.0,1,4.1,138990.0
SAMSUNG,Windows OS,Intel i7,32,1024.0,16,914.0,78.0,1,4.1,181990.0
Acer,Windows OS,Intel i5,16,1024.0,14,2692.0,194.0,1,4.1,44990.0
HP,Windows OS,Intel i3,16,512.0,15,7110.0,419.0,1,4.2,36090.0
Lenovo,Windows OS,Intel i5,16,512.0,14,914.0,78.0,1,4.1,50749.0
Lenovo,Windows OS,Intel i1,8,512.0,14,332.0,25.0,1,3.9,24790.0
HP,Chrome OS,Intel i1,4,512.0,14,1960.0,141.0,1,4.1,19990.0
Lenovo,Chrome OS,MediaTek,8,512.0,14,1463.0,125.0,1,3.8,23850.0
SAMSUNG,Windows OS,Intel i5,8,512.0,15,5535.0,485.0,1,4.5,60990.0
Acer,Windows OS,AMD Ryzen 5,16,1024.0,15,884.0,78.0,1,4.0,37990.0
ASUS,Chrome OS,Intel i1,4,512.0,14,2594.0,228.0,1,3.8,13990.0
SAMSUNG,Windows OS,Intel i3,8,512.0,15,2726.0,340.0,1,4.5,41990.0
Lenovo,Windows OS,Intel i5,16,512.0,14,29.0,3.0,1,4.4,41490.0
Lenovo,Windows OS,Intel i5,16,512.0,14,2004.0,102.0,1,4.2,49299.0
Acer,Windows OS,Intel i3,8,512.0,14,12925.0,955.0,1,4.2,28990.0
ASUS,Windows OS,AMD Ryzen 7,16,512.0,15,53.0,5.0,1,4.5,94990.0
Acer,Windows OS,Intel i5,16,512.0,14,2692.0,194.0,1,4.1,40990.0
ASUS,Chrome OS,Intel i1,4,512.0,15,2242.0,201.0,1,3.8,14990.0
DELL,Windows OS,Intel i5,16,512.0,15,24.0,2.0,1,3.9,78490.0
MSI,Windows OS,Intel i7,16,1024.0,16,21.0,2.0,2,4.6,134990.0
HP,Chrome OS,Intel i1,4,512.0,14,1750.0,136.0,1,3.9,23588.0
SAMSUNG,Windows OS,Intel i7,16,512.0,14,914.0,78.0,1,4.1,139990.0
Ultimus,Windows OS,Intel i1,4,512.0,14,2125.0,301.0,1,3.3,11990.0
HP,Windows OS,Intel i3,8,512.0,15,31.0,1.0,1,4.5,31999.0
HP,Windows OS,Intel i5,16,512.0,15,1165.0,76.0,1,4.4,73990.0
ASUS,Windows OS,Intel i5,8,512.0,15,7525.0,419.0,1,4.2,42950.0
SAMSUNG,Windows OS,Intel i7,16,1024.0,14,914.0,78.0,1,4.1,155990.0
DELL,Windows OS,Intel i3,8,512.0,15,421.0,37.0,1,4.2,33990.0
HP,Windows OS,AMD Ryzen 5,8,512.0,15,8127.0,592.0,1,4.2,37422.0
Lenovo,Windows OS,Intel i5,16,1024.0,14,371.0,30.0,1,4.2,62190.0
HP,Chrome OS,Intel i1,4,512.0,14,1960.0,141.0,1,4.1,19990.0
Lenovo,Chrome OS,MediaTek,8,512.0,14,1463.0,125.0,1,3.8,23850.0
Lenovo,Windows OS,Intel i7,16,512.0,15,149.0,12.0,1,4.1,90690.0
ASUS,Windows OS,Intel i3,16,512.0,15,12211.0,953.0,1,4.3,36990.0
Lenovo,Windows OS,Intel i1,8,256.0,14,2750.0,238.0,1,4.1,25890.0
Lenovo,Windows OS,Intel i7,24,512.0,15,246.0,18.0,1,4.3,90990.0
ASUS,Chrome OS,Intel i1,4,512.0,14,2594.0,228.0,1,3.8,13990.0
SAMSUNG,Windows OS,Intel i3,8,512.0,15,2726.0,340.0,1,4.5,41990.0
DELL,Windows OS,Intel i3,16,512.0,15,76.0,6.0,1,3.7,33099.0
ASUS,Windows OS,AMD Ryzen 7,16,512.0,15,806.0,51.0,1,4.4,63990.0
HP,Chrome OS,Intel i1,4,512.0,14,1750.0,136.0,1,3.9,23588.0
SAMSUNG,Windows OS,Intel i7,16,512.0,14,914.0,78.0,1,4.1,139990.0
ASUS,Chrome OS,Intel i1,4,512.0,15,2242.0,201.0,1,3.8,14990.0
Acer,Windows OS,Intel i5,16,512.0,15,1836.0,133.0,1,4.3,54990.0
Lenovo,Windows OS,Intel i5,12,512.0,15,1245.0,95.0,1,4.2,57499.0
HP,Windows OS,AMD Ryzen 5,8,512.0,15,181.0,14.0,1,4.1,31290.0
SAMSUNG,Windows OS,Intel i7,16,1024.0,14,914.0,78.0,1,4.1,155990.0
SAMSUNG,Windows OS,Intel i7,16,512.0,16,914.0,78.0,1,4.1,149990.0
Lenovo,Windows OS,Intel i5,8,512.0,14,754.0,55.0,1,4.1,35490.0
Apple,Mac OS,Apple M series,16,256.0,14,98.0,16.0,1,4.6,99900.0
SAMSUNG,Windows OS,Intel i7,32,1024.0,16,914.0,78.0,1,4.1,181990.0
SAMSUNG,Windows OS,Intel i7,32,1024.0,15,914.0,78.0,1,4.1,154990.0
Primebook,Chrome OS,MediaTek,4,512.0,14,1403.0,393.0,1,4.1,14990.0
HP,Windows OS,Intel i1,8,512.0,15,947.0,73.0,1,3.8,25499.0
DELL,Windows OS,Intel i5,16,512.0,15,188.0,7.0,1,4.3,53522.0
DELL,Windows OS,Intel i5,16,512.0,15,54.0,6.0,1,4.0,51890.0
SAMSUNG,Windows OS,Intel i3,8,512.0,15,2726.0,340.0,1,4.5,41990.0
ASUS,Chrome OS,Intel i1,4,512.0,14,2594.0,228.0,1,3.8,13990.0
Acer,Windows OS,AMD Ryzen 5,16,512.0,15,1458.0,190.0,1,4.1,38990.0
Lenovo,Windows OS,AMD Ryzen 7,16,512.0,15,4.0,0.0,1,4.0,45000.0
CHUWI,Windows OS,Intel i1,8,256.0,14,1357.0,162.0,1,3.7,15990.0
Lenovo,Chrome OS,MediaTek,8,512.0,14,1463.0,125.0,1,3.8,23850.0
Acer,Windows OS,Intel i3,8,512.0,15,39.0,5.0,1,4.1,31990.0
Acer,Windows OS,Intel i5,16,512.0,15,2500.0,202.0,1,4.2,52990.0
HP,Windows OS,Intel i5,8,512.0,15,303.0,13.0,1,4.2,44900.0
Colorful,Windows OS,Intel i5,16,512.0,15,164.0,31.0,2,4.2,64990.0
HP,Chrome OS,Intel i1,4,512.0,14,1960.0,141.0,1,4.1,19990.0
SAMSUNG,Windows OS,Intel i7,16,512.0,14,914.0,78.0,1,4.1,139990.0
HP,Windows OS,AMD Ryzen 3,8,512.0,14,655.0,31.0,1,4.1,25990.0
ASUS,Windows OS,Intel i5,16,512.0,16,11.0,0.0,1,3.8,53899.0
SAMSUNG,Windows OS,Intel i7,32,1024.0,15,914.0,78.0,1,4.1,154990.0
SAMSUNG,Windows OS,Intel i7,32,1024.0,16,914.0,78.0,1,4.1,181990.0
Acer,Windows OS,Intel i5,16,512.0,15,962.0,84.0,1,4.3,59990.0
MSI,Windows OS,Intel i5,8,512.0,14,1788.0,177.0,1,4.3,36990.0
Lenovo,Windows OS,Intel i1,8,512.0,14,332.0,25.0,1,3.9,24790.0
HP,Windows OS,Intel i3,16,512.0,15,55.0,6.0,1,3.6,33999.0
SAMSUNG,Windows OS,Intel i7,16,1024.0,15,914.0,78.0,1,4.1,138990.0
SAMSUNG,Windows OS,Intel i7,16,1024.0,14,914.0,78.0,1,4.1,155990.0
Lenovo,Windows OS,Intel i1,8,512.0,14,332.0,25.0,1,3.9,24790.0
Acer,Chrome OS,Intel i1,8,512.0,14,2168.0,154.0,1,3.8,16990.0
HP,Chrome OS,Intel i1,4,512.0,14,1960.0,141.0,1,4.1,19990.0
Lenovo,Chrome OS,MediaTek,8,512.0,14,1463.0,125.0,1,3.8,23850.0
Lenovo,Windows OS,Intel i3,8,512.0,15,1722.0,95.0,1,4.2,33990.0
ASUS,Windows OS,AMD Ryzen 5,8,512.0,15,2480.0,201.0,1,4.4,44990.0
ASUS,Windows OS,AMD Ryzen 5,8,512.0,15,2480.0,201.0,1,4.4,44990.0
MSI,Windows OS,Intel i5,16,512.0,14,3.0,0.0,1,3.7,39990.0
ASUS,Chrome OS,Intel i1,4,512.0,14,2594.0,228.0,1,3.8,13990.0
SAMSUNG,Windows OS,Intel i3,8,512.0,15,2726.0,340.0,1,4.5,41990.0
Acer,Windows OS,AMD Ryzen 5,8,512.0,15,884.0,78.0,1,4.0,34990.0
Lenovo,Windows OS,Intel i5,8,512.0,14,754.0,55.0,1,4.1,35490.0
Acer,Windows OS,Intel i5,16,512.0,14,2692.0,194.0,1,4.1,40990.0
ASUS,Chrome OS,Intel i1,4,512.0,15,2242.0,201.0,1,3.8,14990.0
HP,Windows OS,AMD Ryzen 3,8,512.0,14,655.0,31.0,1,4.1,25990.0
ASUS,Windows OS,AMD Ryzen 3,8,512.0,15,3474.0,374.0,1,4.4,36990.0
DELL,Windows OS,Intel i3,16,512.0,15,914.0,78.0,1,4.1,33700.0
HP,Windows OS,AMD Ryzen 5,8,512.0,15,181.0,14.0,1,4.1,31290.0
HP,Chrome OS,Intel i1,4,512.0,14,1750.0,136.0,1,3.9,23588.0
SAMSUNG,Windows OS,Intel i7,16,512.0,14,914.0,78.0,1,4.1,139990.0
Acer,Windows OS,AMD Ryzen 7,16,512.0,15,174.0,16.0,1,4.2,74990.0
Ultimus,Windows OS,Intel i1,4,512.0,14,2125.0,301.0,1,3.3,11990.0
SAMSUNG,Windows OS,Intel i7,16,1024.0,14,914.0,78.0,1,4.1,155990.0
DELL,Windows OS,Intel i3,8,512.0,15,421.0,37.0,1,4.2,33990.0
ASUS,Windows OS,AMD Ryzen 3,8,512.0,15,3474.0,374.0,1,4.4,36990.0
Lenovo,Windows OS,Intel i3,8,512.0,14,1722.0,95.0,1,4.2,34990.0
Apple,Mac OS,Apple M series,16,256.0,14,919.0,93.0,1,4.7,102990.0
DELL,Windows OS,Intel i5,8,512.0,15,72.0,1.0,1,4.1,45990.0
SAMSUNG,Windows OS,Intel i3,8,512.0,15,2726.0,340.0,1,4.5,41990.0
ASUS,Chrome OS,Intel i1,4,512.0,14,2594.0,228.0,1,3.8,13990.0
HP,Windows OS,Intel i3,8,512.0,15,434.0,28.0,1,4.2,37990.0
Apple,Mac OS,Apple M series,16,256.0,14,98.0,16.0,1,4.6,99900.0
CHUWI,Windows OS,Intel i1,8,256.0,14,1357.0,162.0,1,3.7,15990.0
Lenovo,Chrome OS,MediaTek,8,512.0,14,1463.0,125.0,1,3.8,23850.0
Acer,Windows OS,Intel i5,16,1024.0,15,56.0,6.0,1,4.3,46990.0
Lenovo,Windows OS,Intel i5,8,512.0,15,471.0,57.0,1,4.3,50090.0
ASUS,Windows OS,,16,512.0,16,19.0,2.0,1,4.5,65990.0
Primebook,Chrome OS,MediaTek,4,512.0,14,1403.0,393.0,1,4.1,14990.0
HP,Chrome OS,Intel i1,4,512.0,14,1960.0,141.0,1,4.1,19990.0
SAMSUNG,Windows OS,Intel i7,16,512.0,14,914.0,78.0,1,4.1,139990.0
ASUS,Windows OS,AMD Ryzen 5,16,512.0,15,914.0,78.0,1,4.1,41810.0
Acer,Windows OS,Intel i3,8,512.0,15,840.0,58.0,1,4.3,32990.0
SAMSUNG,Windows OS,Intel i7,32,1024.0,15,914.0,78.0,1,4.1,154990.0
SAMSUNG,Windows OS,Intel i7,16,1024.0,15,914.0,78.0,1,4.1,138990.0
Lenovo,Windows OS,AMD Ryzen 7,24,512.0,15,853.0,63.0,1,4.5,87990.0
DELL,Windows OS,Intel i5,16,512.0,15,188.0,7.0,1,4.3,53522.0
HP,Windows OS,Intel i3,8,512.0,15,12.0,1.0,1,4.7,35990.0
Lenovo,Windows OS,Intel i5,8,256.0,14,17.0,1.0,1,4.2,36499.0
HP,Chrome OS,Intel i1,4,512.0,14,1960.0,141.0,1,4.1,19990.0
SAMSUNG,Windows OS,Intel i3,8,512.0,15,2726.0,340.0,1,4.5,41990.0
CHUWI,Windows OS,Intel i3,12,512.0,14,155.0,37.0,1,4.0,29990.0
Acer,Windows OS,Intel i5,16,1024.0,14,65.0,6.0,1,4.4,51990.0
Lenovo,Chrome OS,MediaTek,8,512.0,14,1463.0,125.0,1,3.8,23850.0
ASUS,Chrome OS,Intel i1,4,512.0,14,2594.0,228.0,1,3.8,13990.0
Lenovo,Windows OS,AMD Ryzen 5,16,512.0,15,401.0,23.0,1,4.0,43990.0
MSI,Windows OS,Intel i5,16,512.0,15,20.0,5.0,1,4.0,53989.0
Lenovo,Windows OS,Intel i5,16,512.0,15,718.0,47.0,1,4.3,56065.0
Acer,Windows OS,Intel i1,8,512.0,15,193.0,27.0,1,3.8,22999.0
Acer,Windows OS,Intel i5,16,512.0,14,2692.0,194.0,1,4.1,40990.0
SAMSUNG,Windows OS,Intel i7,16,512.0,15,914.0,78.0,1,4.1,122990.0
Colorful,Windows OS,Intel i5,16,512.0,15,164.0,31.0,2,4.2,64990.0
DELL,Windows OS,Intel i5,16,1024.0,15,24.0,2.0,1,3.9,77990.0
ASUS,Chrome OS,Intel i1,4,512.0,15,2242.0,201.0,1,3.8,14990.0
CHUWI,Windows OS,Intel i1,8,256.0,14,1357.0,162.0,1,3.7,15990.0
Lenovo,Windows OS,Intel i5,16,512.0,14,141.0,25.0,1,4.4,82690.0
Lenovo,Windows OS,Intel i5,16,512.0,14,336.0,44.0,1,4.2,73190.0
Acer,Windows OS,AMD Ryzen 5,16,512.0,14,797.0,93.0,1,4.3,39990.0
Acer,Windows OS,AMD Ryzen 7,16,512.0,15,236.0,25.0,1,4.0,39990.0
SAMSUNG,Windows OS,Intel i7,16,512.0,16,914.0,78.0,1,4.1,149990.0
SAMSUNG,Windows OS,Intel i7,32,1024.0,16,914.0,78.0,1,4.1,181990.0
Acer,Windows OS,AMD Ryzen 5,16,512.0,15,884.0,78.0,1,4.0,36990.0
Lenovo,Windows OS,Intel i5,8,512.0,14,2004.0,102.0,1,4.2,45990.0
ASUS,Chrome OS,Intel i1,4,512.0,14,2594.0,228.0,1,3.8,13990.0
Lenovo,Chrome OS,MediaTek,8,512.0,14,1463.0,125.0,1,3.8,23850.0
Acer,Windows OS,AMD Ryzen 5,16,512.0,14,797.0,93.0,1,4.3,39990.0
MSI,Windows OS,AMD Ryzen 5,8,512.0,15,3072.0,340.0,1,4.4,36990.0
Lenovo,Windows OS,Intel i5,16,512.0,14,14.0,1.0,1,3.8,50690.0
ASUS,Windows OS,AMD Ryzen 5,8,512.0,15,2480.0,201.0,1,4.4,44990.0
HP,Chrome OS,Intel i1,4,512.0,14,1960.0,141.0,1,4.1,19990.0
SAMSUNG,Windows OS,Intel i3,8,512.0,15,2726.0,340.0,1,4.5,41990.0
Lenovo,Windows OS,Intel i3,16,512.0,15,43.0,2.0,1,4.0,32890.0
HP,Windows OS,Intel i5,16,512.0,16,142.0,10.0,1,4.4,72990.0
ASUS,Chrome OS,Intel i1,4,512.0,15,2242.0,201.0,1,3.8,14990.0
SAMSUNG,Windows OS,Intel i7,16,512.0,14,914.0,78.0,1,4.1,139990.0
Acer,Windows OS,Intel i1,8,512.0,15,193.0,27.0,1,3.8,22999.0
Infinix,Windows OS,Intel i7,16,512.0,16,67.0,5.0,1,4.3,47990.0
HP,Windows OS,Intel i7,16,1024.0,14,268.0,20.0,1,4.1,73990.0
ASUS,Windows OS,AMD Ryzen 7,16,512.0,15,95.0,6.0,1,4.5,87990.0
SAMSUNG,Windows OS,Intel i7,16,512.0,16,914.0,78.0,1,4.1,149990.0
SAMSUNG,Windows OS,Intel i7,16,1024.0,15,914.0,78.0,1,4.1,138990.0
HP,Windows OS,AMD Ryzen 7,16,512.0,16,500.0,39.0,1,4.2,74990.0
HP,Windows OS,Intel i3,8,512.0,15,914.0,78.0,1,4.1,34490.0
SAMSUNG,Windows OS,Intel i7,32,1024.0,15,914.0,78.0,1,4.1,154990.0
SAMSUNG,Windows OS,Intel i7,32,1024.0,16,914.0,78.0,1,4.1,181990.0
MSI,Windows OS,Intel i3,8,512.0,14,110.0,14.0,1,4.4,30500.0
MSI,Windows OS,Intel i3,8,512.0,14,15.0,1.0,1,4.6,28990.0
Lenovo,Windows OS,Intel i3,8,512.0,15,1722.0,95.0,1,4.2,33990.0
MSI,Windows OS,AMD Ryzen 5,8,512.0,14,914.0,78.0,1,4.1,36990.0
ASUS,Chrome OS,Intel i1,4,512.0,14,2594.0,228.0,1,3.8,13990.0
Lenovo,Chrome OS,MediaTek,8,512.0,14,1463.0,125.0,1,3.8,23850.0
HP,Windows OS,AMD Ryzen 7,8,256.0,15,954.0,65.0,1,4.0,24499.0
HP,Windows OS,AMD Ryzen 5,8,512.0,14,914.0,78.0,1,4.1,49990.0
HP,Chrome OS,Intel i1,4,512.0,14,1960.0,141.0,1,4.1,19990.0
SAMSUNG,Windows OS,Intel i3,8,512.0,15,2726.0,340.0,1,4.5,41990.0
Acer,Windows OS,Intel i7,32,1024.0,16,7.0,1.0,1,4.4,239990.0
MSI,Windows OS,Intel i5,8,512.0,15,4.0,0.0,2,4.8,50990.0
Lenovo,Windows OS,Intel i1,8,512.0,14,399.0,20.0,1,4.1,25990.0
Acer,Windows OS,Intel i7,16,1024.0,14,88.0,9.0,1,4.1,84990.0
ASUS,Chrome OS,Intel i1,4,512.0,15,2242.0,201.0,1,3.8,14990.0
SAMSUNG,Windows OS,Intel i7,16,512.0,14,914.0,78.0,1,4.1,139990.0
Lenovo,Windows OS,Intel i1,8,256.0,14,694.0,46.0,1,4.0,24800.0
ASUS,Windows OS,AMD Ryzen 5,8,512.0,15,2480.0,201.0,1,4.4,44990.0
SAMSUNG,Windows OS,Intel i7,16,512.0,16,914.0,78.0,1,4.1,149990.0
SAMSUNG,Windows OS,Intel i7,16,1024.0,15,914.0,78.0,1,4.1,138990.0
ASUS,Windows OS,AMD Ryzen 5,8,512.0,15,2480.0,201.0,1,4.4,44990.0
CHUWI,Windows OS,Intel i3,12,512.0,14,155.0,37.0,1,4.0,29990.0
DELL,Windows OS,Intel i5,8,512.0,15,34.0,4.0,1,3.8,52680.0
Acer,Windows OS,AMD Ryzen 7,16,512.0,14,530.0,61.0,1,4.3,49990.0
SAMSUNG,Windows OS,Intel i7,32,1024.0,15,914.0,78.0,1,4.1,154990.0
SAMSUNG,Windows OS,Intel i7,32,1024.0,16,914.0,78.0,1,4.1,181990.0
HP,Windows OS,Intel i3,16,512.0,15,914.0,78.0,1,4.1,37490.0
Lenovo,Windows OS,Intel i3,8,512.0,15,73.0,2.0,1,3.9,29990.0
ASUS,Chrome OS,Intel i1,4,512.0,14,2594.0,228.0,1,3.8,13990.0
Lenovo,Chrome OS,MediaTek,8,512.0,14,1463.0,125.0,1,3.8,23850.0
Acer,Windows OS,Intel i5,16,512.0,15,205.0,11.0,1,3.7,44990.0
MSI,Windows OS,AMD Ryzen 7,16,512.0,14,914.0,78.0,1,4.1,51990.0
DELL,Windows OS,Intel i5,16,512.0,15,914.0,78.0,1,4.1,55990.0
Acer,Windows OS,Intel i7,16,1024.0,16,80.0,12.0,1,4.4,114990.0
HP,Chrome OS,Intel i1,4,512.0,14,1960.0,141.0,1,4.1,19990.0
SAMSUNG,Windows OS,Intel i3,8,512.0,15,2726.0,340.0,1,4.5,41990.0
HP,Windows OS,AMD Ryzen 7,16,1024.0,16,222.0,26.0,1,4.5,98500.0
HP,Windows OS,AMD Ryzen 5,16,512.0,15,3479.0,257.0,1,4.3,39890.0
Acer,Windows OS,Intel i5,16,512.0,14,2692.0,194.0,1,4.1,40990.0
ASUS,Chrome OS,Intel i1,4,512.0,15,2242.0,201.0,1,3.8,14990.0
MSI,Windows OS,Intel i5,8,512.0,14,1788.0,177.0,1,4.3,36990.0
MSI,Windows OS,Intel i5,16,1024.0,15,10.0,1.0,2,4.7,74990.0
MSI,Windows OS,AMD Ryzen 5,16,512.0,14,3072.0,340.0,1,4.4,39990.0
Acer,Windows OS,Intel i7,16,1024.0,16,3.0,0.0,1,4.0,188990.0
SAMSUNG,Windows OS,Intel i7,16,512.0,14,914.0,78.0,1,4.1,139990.0
SAMSUNG,Windows OS,Intel i7,16,512.0,16,914.0,78.0,1,4.1,149990.0
MSI,Windows OS,Intel i5,8,512.0,15,4.0,0.0,2,4.8,50990.0
DELL,Windows OS,Intel i3,8,512.0,15,99.0,6.0,1,4.1,35990.0
SAMSUNG,Windows OS,Intel i7,16,1024.0,15,914.0,78.0,1,4.1,138990.0
SAMSUNG,Windows OS,Intel i7,32,1024.0,15,914.0,78.0,1,4.1,154990.0
MSI,Windows OS,AMD Ryzen 5,8,512.0,14,3072.0,340.0,1,4.4,36990.0
ASUS,Windows OS,Intel i1,8,512.0,15,46.0,5.0,1,4.0,26990.0
Lenovo,Windows OS,Intel i3,8,512.0,15,127.0,12.0,1,4.1,37990.0
DELL,Windows OS,Intel i7,16,512.0,15,137.0,11.0,1,4.3,69490.0
SAMSUNG,Windows OS,Intel i3,8,512.0,15,2726.0,340.0,1,4.5,41990.0
ASUS,Chrome OS,Intel i1,4,512.0,14,2594.0,228.0,1,3.8,13990.0
HP,Windows OS,AMD Ryzen 3,8,512.0,15,5670.0,471.0,1,4.2,31490.0
MSI,Windows OS,Intel i5,16,512.0,15,1210.0,100.0,2,4.3,47990.0
SAMSUNG,Windows OS,Intel i7,16,1024.0,14,914.0,78.0,1,4.1,155990.0
SAMSUNG,Windows OS,Intel i7,32,1024.0,16,914.0,78.0,1,4.1,181990.0
HP,Windows OS,AMD Ryzen 3,8,256.0,15,66.0,4.0,1,3.7,26970.0
Acer,Windows OS,AMD Ryzen 5,16,512.0,16,7.0,1.0,1,4.7,59990.0
MSI,Windows OS,AMD Ryzen 7,16,1024.0,15,6.0,1.0,2,4.8,92990.0
MSI,Windows OS,AMD Ryzen 5,16,512.0,15,35.0,1.0,2,4.5,55990.0
CHUWI,Windows OS,Intel i1,8,256.0,14,1357.0,162.0,1,3.7,15990.0
SAMSUNG,Windows OS,Intel i7,32,1024.0,14,914.0,78.0,1,4.1,171990.0
HP,Windows OS,Intel i3,8,512.0,15,697.0,36.0,1,4.2,32990.0
HP,Windows OS,Intel i3,8,512.0,15,178.0,14.0,1,4.2,31930.0
Lenovo,Chrome OS,MediaTek,8,512.0,14,1463.0,125.0,1,3.8,23850.0
SAMSUNG,Windows OS,Intel i7,16,512.0,15,914.0,78.0,1,4.1,122990.0
ASUS,Windows OS,Intel i5,16,512.0,16,7394.0,584.0,1,4.3,53990.0
ASUS,Windows OS,AMD Ryzen 5,16,512.0,15,2166.0,144.0,1,4.2,41990.0
Acer,Windows OS,Intel i1,8,256.0,14,400.0,60.0,1,3.8,15990.0
Acer,Windows OS,Intel i7,16,1024.0,16,914.0,78.0,1,4.1,179990.0
HP,Chrome OS,Intel i1,4,512.0,14,1960.0,141.0,1,4.1,19990.0
Lenovo,Chrome OS,MediaTek,8,512.0,14,1463.0,125.0,1,3.8,23850.0
DELL,Windows OS,Intel i5,8,512.0,15,34.0,4.0,1,3.8,47490.0
Lenovo,Windows OS,AMD Ryzen 3,8,512.0,15,356.0,20.0,1,4.0,31990.0
ASUS,Chrome OS,Intel i1,4,512.0,14,2594.0,228.0,1,3.8,13990.0
SAMSUNG,Windows OS,Intel i3,8,512.0,15,2726.0,340.0,1,4.5,41990.0
HP,Windows OS,AMD Ryzen 3,16,512.0,15,914.0,78.0,1,4.1,28280.0
HP,Windows OS,Intel i5,16,512.0,14,89.0,7.0,1,4.4,72990.0
DELL,Windows OS,Intel i1,4,256.0,14,24.0,0.0,1,4.3,18900.0
MSI,Windows OS,AMD Ryzen 5,16,512.0,15,195.0,26.0,2,4.3,52990.0
Acer,Windows OS,Intel i5,16,512.0,14,2692.0,194.0,1,4.1,40990.0
ASUS,Chrome OS,Intel i1,4,512.0,15,2242.0,201.0,1,3.8,14990.0
MSI,Windows OS,Intel i5,16,512.0,15,35.0,0.0,2,4.4,61990.0
HP,Windows OS,Intel i3,8,512.0,15,958.0,73.0,1,4.2,30890.0
HP,Chrome OS,Intel i1,4,512.0,14,1750.0,136.0,1,3.9,23588.0
DELL,Windows OS,Intel i3,8,512.0,15,421.0,37.0,1,4.2,33990.0
Acer,Windows OS,Intel i3,8,512.0,14,12925.0,955.0,1,4.2,28990.0
HP,Windows OS,Intel i3,16,512.0,15,181.0,9.0,1,4.0,35990.0
Lenovo,Windows OS,Intel i1,8,256.0,14,694.0,46.0,1,4.0,24800.0
MSI,Windows OS,Intel i5,16,512.0,14,1788.0,177.0,1,4.3,41500.0
HP,Windows OS,AMD Ryzen 3,8,512.0,15,1966.0,171.0,1,4.2,30990.0
HP,Windows OS,Intel i5,8,512.0,15,6377.0,314.0,1,4.2,44499.0
DELL,Windows OS,AMD Ryzen 5,8,512.0,15,914.0,78.0,1,4.1,36790.0
DELL,Windows OS,Intel i3,8,512.0,15,315.0,27.0,1,4.1,36590.0
ASUS,Chrome OS,Intel i1,4,512.0,14,2594.0,228.0,1,3.8,13990.0
Lenovo,Chrome OS,MediaTek,8,512.0,14,1463.0,125.0,1,3.8,23850.0
Lenovo,Windows OS,AMD Ryzen 3,8,512.0,15,22.0,4.0,1,3.6,28090.0
Apple,Mac OS,Apple M series,16,256.0,15,98.0,16.0,1,4.6,124900.0
ASUS,Windows OS,Intel i3,8,512.0,15,724.0,98.0,1,4.5,38975.0
Lenovo,Windows OS,Intel i5,16,512.0,14,336.0,44.0,1,4.2,73190.0
HP,Chrome OS,Intel i1,4,512.0,14,1960.0,141.0,1,4.1,19990.0
SAMSUNG,Windows OS,Intel i3,8,512.0,15,2726.0,340.0,1,4.5,41990.0
HP,Windows OS,AMD Ryzen 3,8,512.0,15,1402.0,105.0,1,4.0,24999.0
MSI,Windows OS,Intel i5,16,512.0,15,914.0,78.0,1,4.1,52989.0
ASUS,Chrome OS,Intel i1,4,512.0,15,2242.0,201.0,1,3.8,14990.0
SAMSUNG,Windows OS,Intel i7,16,512.0,14,914.0,78.0,1,4.1,139990.0
ASUS,Windows OS,AMD Ryzen 3,8,512.0,14,1452.0,140.0,1,4.3,33990.0
HP,Windows OS,Intel i5,16,512.0,14,23.0,2.0,1,4.1,67990.0
DELL,Windows OS,Intel i5,16,512.0,15,914.0,78.0,1,4.1,55990.0
MSI,Windows OS,Intel i7,16,512.0,14,3.0,0.0,2,5.0,89990.0
SAMSUNG,Windows OS,Intel i7,16,512.0,16,914.0,78.0,1,4.1,149990.0
SAMSUNG,Windows OS,Intel i7,16,1024.0,15,914.0,78.0,1,4.1,138990.0
ASUS,Windows OS,Intel i5,16,512.0,15,202.0,12.0,1,4.1,54500.0
ASUS,Windows OS,AMD Ryzen 3,8,512.0,15,914.0,78.0,1,4.1,31450.0
SAMSUNG,Windows OS,Intel i7,32,1024.0,15,914.0,78.0,1,4.1,154990.0
SAMSUNG,Windows OS,Intel i7,32,1024.0,16,914.0,78.0,1,4.1,181990.0
MSI,Windows OS,Intel i7,16,512.0,14,914.0,78.0,1,4.1,47990.0
Lenovo,Windows OS,Intel i3,8,256.0,15,1261.0,92.0,1,4.2,33990.0
Acer,Windows OS,AMD Ryzen 3,8,256.0,14,654.0,68.0,1,4.0,25490.0
Lenovo,Windows OS,Intel i5,24,512.0,15,558.0,42.0,1,4.3,71990.0
HP,Chrome OS,Intel i1,4,512.0,14,1960.0,141.0,1,4.1,19990.0
Lenovo,Chrome OS,MediaTek,8,512.0,14,1463.0,125.0,1,3.8,23850.0
HP,Windows OS,Intel i5,8,512.0,15,774.0,64.0,1,4.2,57990.0
Apple,Mac OS,Apple M series,16,256.0,15,98.0,16.0,1,4.6,124900.0
ASUS,Chrome OS,Intel i1,4,512.0,14,2594.0,228.0,1,3.8,13990.0
SAMSUNG,Windows OS,Intel i3,8,512.0,15,2726.0,340.0,1,4.5,41990.0
DELL,Windows OS,Intel i3,8,512.0,15,322.0,26.0,1,4.2,31999.0
MSI,Windows OS,Intel i7,16,1024.0,16,4.0,0.0,2,5.0,149990.0
HP,Windows OS,AMD Ryzen 5,8,512.0,15,703.0,49.0,1,4.3,29999.0
ASUS,Windows OS,AMD Ryzen 3,8,512.0,15,914.0,78.0,1,4.1,31450.0
Acer,Windows OS,Intel i5,16,512.0,14,2692.0,194.0,1,4.1,40990.0
ASUS,Chrome OS,Intel i1,4,512.0,15,2242.0,201.0,1,3.8,14990.0
HP,Windows OS,AMD Ryzen 7,8,256.0,15,954.0,65.0,1,4.0,24499.0
HP,Windows OS,Intel i3,8,512.0,15,257.0,27.0,1,3.8,28776.0
HP,Chrome OS,Intel i1,4,512.0,14,1750.0,136.0,1,3.9,23588.0
DELL,Windows OS,Intel i3,8,512.0,15,421.0,37.0,1,4.2,33990.0
HP,Windows OS,Intel i3,8,512.0,15,595.0,35.0,1,4.1,35990.0
HP,Windows OS,AMD Ryzen 5,16,512.0,15,914.0,78.0,1,4.1,61990.0
Lenovo,Windows OS,Intel i7,16,1024.0,16,4.0,1.0,1,4.5,83990.0
Acer,Windows OS,Intel i7,16,512.0,15,8.0,3.0,1,5.0,94990.0
HP,Windows OS,AMD Ryzen 3,8,512.0,15,1966.0,171.0,1,4.2,30990.0
HP,Windows OS,Intel i5,8,512.0,15,6377.0,314.0,1,4.2,44499.0
HP,Windows OS,AMD Ryzen 5,8,512.0,15,1718.0,172.0,1,4.5,51490.0
DELL,Windows OS,Intel i3,8,512.0,15,203.0,14.0,1,4.1,40800.0
ASUS,Chrome OS,Intel i1,4,512.0,14,2594.0,228.0,1,3.8,13990.0
Lenovo,Chrome OS,MediaTek,8,512.0,14,1463.0,125.0,1,3.8,23850.0
Acer,Windows OS,Intel i5,16,512.0,15,291.0,22.0,1,4.3,75790.0
Lenovo,Windows OS,Intel i5,16,512.0,15,914.0,78.0,1,4.1,60690.0
DELL,Windows OS,Intel i5,16,512.0,15,509.0,35.0,1,4.1,50999.0
HP,Windows OS,AMD Ryzen 3,8,512.0,15,1966.0,171.0,1,4.2,31152.0
HP,Chrome OS,Intel i1,4,512.0,14,1960.0,141.0,1,4.1,19990.0
SAMSUNG,Windows OS,Intel i3,8,512.0,15,2726.0,340.0,1,4.5,41990.0
MSI,Windows OS,Intel i3,16,512.0,15,914.0,78.0,1,4.1,35499.0
Lenovo,Windows OS,AMD Ryzen 7,16,512.0,14,9.0,2.0,1,4.1,77690.0
Acer,Windows OS,Intel i5,16,512.0,14,2692.0,194.0,1,4.1,40990.0
ASUS,Chrome OS,Intel i1,4,512.0,15,2242.0,201.0,1,3.8,14990.0
DELL,Windows OS,Intel i3,8,256.0,15,914.0,78.0,1,4.1,36990.0
Lenovo,Windows OS,AMD Ryzen 7,16,1024.0,14,91.0,6.0,1,4.2,87390.0
DELL,Windows OS,Intel i3,8,512.0,15,4554.0,327.0,1,4.3,37490.0
ASUS,Windows OS,AMD Ryzen 7,16,512.0,15,95.0,6.0,1,4.5,87990.0
SAMSUNG,Windows OS,Intel i7,16,512.0,14,914.0,78.0,1,4.1,139990.0
SAMSUNG,Windows OS,Intel i7,16,512.0,16,914.0,78.0,1,4.1,149990.0
DELL,Windows OS,Intel i3,8,1024.0,15,99.0,6.0,1,4.1,43990.0
DELL,Windows OS,Intel i5,8,512.0,15,5.0,0.0,1,3.8,47990.0
SAMSUNG,Windows OS,Intel i7,16,1024.0,15,914.0,78.0,1,4.1,138990.0
SAMSUNG,Windows OS,Intel i7,32,1024.0,15,914.0,78.0,1,4.1,154990.0
CHUWI,Windows OS,Intel i1,8,256.0,15,1357.0,162.0,1,3.7,18990.0
ASUS,Windows OS,Intel i5,16,512.0,15,11.0,2.0,1,3.8,48990.0
ASUS,Windows OS,Intel i3,8,512.0,15,778.0,82.0,1,4.3,34990.0
Lenovo,Windows OS,AMD Ryzen 3,8,512.0,14,87.0,10.0,1,4.0,26890.0
ASUS,Chrome OS,Intel i1,4,512.0,14,2594.0,228.0,1,3.8,13990.0
Lenovo,Chrome OS,MediaTek,8,512.0,14,1463.0,125.0,1,3.8,23850.0
MSI,Windows OS,Intel i7,16,512.0,15,126.0,13.0,2,4.1,59990.0
ASUS,Windows OS,Intel i5,16,512.0,16,188.0,12.0,1,4.4,72490.0
HP,Chrome OS,Intel i1,4,512.0,14,1960.0,141.0,1,4.1,19990.0
SAMSUNG,Windows OS,Intel i3,8,512.0,15,2726.0,340.0,1,4.5,41990.0
HP,Windows OS,Intel i5,8,512.0,15,5.0,2.0,1,4.4,45999.0
Thomson,Windows OS,Intel i7,16,512.0,15,14.0,4.0,1,3.6,37990.0
HP,Windows OS,Intel i5,16,512.0,15,1165.0,76.0,1,4.4,73990.0
Acer,Windows OS,Intel i5,8,512.0,15,3.0,0.0,1,4.7,50990.0
Acer,Windows OS,Intel i5,16,512.0,14,2692.0,194.0,1,4.1,40990.0
ASUS,Chrome OS,Intel i1,4,512.0,15,2242.0,201.0,1,3.8,14990.0
HP,Windows OS,Intel i3,8,256.0,15,192.0,24.0,1,4.0,31990.0
HP,Windows OS,AMD Ryzen 5,8,512.0,15,1677.0,139.0,1,4.2,47990.0
HP,Chrome OS,Intel i1,4,512.0,14,1750.0,136.0,1,3.9,23588.0
CHUWI,Windows OS,Intel i1,8,256.0,14,1357.0,162.0,1,3.7,15990.0
Ultimus,Windows OS,Intel i5,8,512.0,14,480.0,118.0,1,3.7,26990.0
HP,Windows OS,AMD Ryzen 5,16,512.0,14,144.0,19.0,1,4.2,55849.0
Infinix,Windows OS,Intel i7,16,512.0,15,19.0,6.0,1,4.4,64990.0
Lenovo,Windows OS,Intel i5,16,1024.0,16,514.0,62.0,1,4.1,73690.0
ASUS,Chrome OS,Intel i1,4,512.0,14,2594.0,228.0,1,3.8,13990.0
Lenovo,Chrome OS,MediaTek,8,512.0,14,1463.0,125.0,1,3.8,23850.0
HP,Windows OS,AMD Ryzen 3,8,512.0,15,187.0,16.0,1,3.9,29998.0
DELL,Windows OS,Intel i3,8,512.0,15,2553.0,265.0,1,4.2,34990.0
HP,Chrome OS,Intel i1,4,512.0,14,1960.0,141.0,1,4.1,19990.0
SAMSUNG,Windows OS,Intel i3,8,512.0,15,2726.0,340.0,1,4.5,41990.0
HP,Windows OS,AMD Ryzen 5,8,512.0,14,30.0,6.0,1,3.8,30866.0
Lenovo,Windows OS,AMD Ryzen 3,8,512.0,15,89.0,9.0,1,4.2,26950.0
MSI,Windows OS,Intel i3,8,512.0,14,914.0,78.0,1,4.1,30990.0
MICROSOFT,Windows OS,Intel i5,8,256.0,14,90.0,12.0,1,4.3,79990.0
Acer,Windows OS,Intel i5,16,512.0,14,2692.0,194.0,1,4.1,40990.0
ASUS,Chrome OS,Intel i1,4,512.0,15,2242.0,201.0,1,3.8,14990.0
ASUS,Windows OS,Intel i7,16,1024.0,15,39.0,7.0,1,4.7,139988.0
MSI,Windows OS,Intel i7,8,512.0,14,161.0,21.0,1,4.2,42990.0
HP,Chrome OS,Intel i1,4,512.0,14,1750.0,136.0,1,3.9,23588.0
CHUWI,Windows OS,Intel i1,8,256.0,14,1357.0,162.0,1,3.7,15990.0
Lenovo,Windows OS,AMD Ryzen 7,16,1024.0,14,13.0,1.0,1,4.3,65390.0
Lenovo,Windows OS,Intel i7,16,512.0,14,158.0,18.0,1,4.1,93990.0
HP,Windows OS,AMD Ryzen 5,16,512.0,15,14.0,0.0,1,3.9,34990.0
HP,Windows OS,AMD Ryzen 3,16,512.0,14,914.0,78.0,1,4.1,29490.0
HP,Windows OS,Intel i5,8,512.0,15,6377.0,314.0,1,4.2,44499.0
SAMSUNG,Windows OS,Intel i7,16,512.0,14,914.0,78.0,1,4.1,139990.0
ASUS,Windows OS,Intel i5,8,512.0,15,69.0,6.0,1,4.0,43180.0
Acer,Windows OS,Intel i3,8,512.0,14,3150.0,244.0,1,4.2,43000.0
ASUS,Chrome OS,Intel i1,4,512.0,14,2594.0,228.0,1,3.8,13990.0
Lenovo,Chrome OS,MediaTek,8,512.0,14,1463.0,125.0,1,3.8,23850.0
Lenovo,Windows OS,AMD Ryzen 5,16,512.0,14,914.0,78.0,1,4.1,50400.0
Lenovo,Windows OS,Intel i3,8,512.0,14,120.0,9.0,1,4.3,59339.0
DELL,Windows OS,Intel i3,8,512.0,15,315.0,27.0,1,4.1,35990.0
Lenovo,Windows OS,Intel i7,32,1024.0,14,16.0,2.0,1,4.1,106190.0
HP,Chrome OS,Intel i1,4,512.0,14,1960.0,141.0,1,4.1,19990.0
SAMSUNG,Windows OS,Intel i3,8,512.0,15,2726.0,340.0,1,4.5,41990.0
Acer,Windows OS,Intel i5,16,512.0,15,3675.0,296.0,1,4.1,53990.0
Lenovo,Chrome OS,Intel i1,8,512.0,15,87.0,7.0,1,3.4,25190.0
ASUS,Chrome OS,Intel i1,4,512.0,15,2242.0,201.0,1,3.8,14990.0
SAMSUNG,Windows OS,Intel i7,16,512.0,14,914.0,78.0,1,4.1,139990.0
HP,Windows OS,AMD Ryzen 3,8,512.0,15,4137.0,410.0,1,4.3,39862.0
Lenovo,Windows OS,Intel i7,16,512.0,14,41.0,3.0,1,4.3,82190.0
DELL,Windows OS,Intel i3,8,512.0,15,7.0,0.0,1,3.9,36490.0
ASUS,Windows OS,Intel i5,16,512.0,16,914.0,78.0,1,4.1,82990.0
SAMSUNG,Windows OS,Intel i7,16,512.0,16,914.0,78.0,1,4.1,149990.0
SAMSUNG,Windows OS,Intel i7,16,1024.0,15,914.0,78.0,1,4.1,138990.0
Infinix,Windows OS,Intel i5,16,512.0,15,127.0,22.0,1,4.2,54527.0
ASUS,Windows OS,Intel i5,16,512.0,15,11.0,2.0,1,3.8,48990.0
SAMSUNG,Windows OS,Intel i7,32,1024.0,15,914.0,78.0,1,4.1,154990.0
SAMSUNG,Windows OS,Intel i7,32,1024.0,16,914.0,78.0,1,4.1,181990.0
MSI,Windows OS,Intel i5,16,512.0,14,7.0,1.0,2,4.4,61190.0
HP,Windows OS,Intel i3,8,512.0,15,48.0,3.0,1,4.6,37990.0
Lenovo,Windows OS,Intel i3,8,512.0,14,60.0,8.0,1,4.3,42500.0
HP,Windows OS,AMD Ryzen 5,8,512.0,15,207.0,12.0,1,4.1,37244.0
ASUS,Chrome OS,Intel i1,4,512.0,14,2594.0,228.0,1,3.8,13990.0
Lenovo,Chrome OS,MediaTek,8,512.0,14,1463.0,125.0,1,3.8,23850.0
Acer,Windows OS,Intel i5,16,512.0,15,16.0,1.0,1,3.9,49990.0
SAMSUNG,Windows OS,Intel i5,16,512.0,14,914.0,78.0,1,4.1,131990.0
HP,Chrome OS,Intel i1,4,512.0,14,1960.0,141.0,1,4.1,19990.0
SAMSUNG,Windows OS,Intel i3,8,512.0,15,2726.0,340.0,1,4.5,41990.0
HP,Windows OS,Intel i5,16,512.0,16,537.0,53.0,1,4.5,89900.0
ASUS,Windows OS,Intel i3,16,512.0,15,12211.0,953.0,1,4.3,34850.0
ASUS,Windows OS,AMD Ryzen 5,16,512.0,15,73.0,4.0,1,4.2,40990.0
Lenovo,Windows OS,Intel i5,8,512.0,14,9.0,1.0,1,3.1,48490.0
ASUS,Chrome OS,Intel i1,4,512.0,15,2242.0,201.0,1,3.8,14990.0
SAMSUNG,Windows OS,Intel i7,16,512.0,14,914.0,78.0,1,4.1,139990.0
HP,Windows OS,Intel i5,16,512.0,15,2797.0,149.0,1,4.3,59390.0
HP,Windows OS,Intel i5,16,512.0,15,40.0,2.0,1,4.5,74499.0
SAMSUNG,Windows OS,Intel i7,16,512.0,16,914.0,78.0,1,4.1,149990.0
SAMSUNG,Windows OS,Intel i7,16,1024.0,15,914.0,78.0,1,4.1,138990.0
DELL,Windows OS,Intel i3,8,256.0,14,2321.0,262.0,1,4.2,59839.0
DELL,Windows OS,AMD Ryzen 5,8,512.0,15,28.0,0.0,1,3.9,62929.0
HP,Windows OS,Intel i5,16,512.0,15,56.0,3.0,1,4.3,64999.0
HP,Windows OS,AMD Ryzen 5,8,512.0,14,30.0,6.0,1,3.8,30866.0
SAMSUNG,Windows OS,Intel i7,32,1024.0,15,914.0,78.0,1,4.1,154990.0
SAMSUNG,Windows OS,Intel i7,32,1024.0,16,914.0,78.0,1,4.1,181990.0
MSI,Windows OS,Intel i5,8,512.0,14,914.0,78.0,2,4.1,56990.0
Lenovo,Windows OS,Intel i7,16,1024.0,14,63.0,4.0,1,4.5,110190.0
ASUS,Chrome OS,Intel i1,4,512.0,14,2594.0,228.0,1,3.8,13990.0
Lenovo,Chrome OS,MediaTek,8,512.0,14,1463.0,125.0,1,3.8,23850.0
Acer,Windows OS,AMD Ryzen 3,8,256.0,14,654.0,68.0,1,4.0,23390.0
HP,Windows OS,AMD Ryzen 5,8,512.0,14,76.0,6.0,1,4.1,30400.0
Lenovo,Windows OS,Intel i5,16,512.0,14,160.0,18.0,1,4.2,66990.0
Apple,Mac OS,Apple M series,24,512.0,14,914.0,78.0,1,4.1,139900.0
HP,Chrome OS,Intel i1,4,512.0,14,1960.0,141.0,1,4.1,19990.0
SAMSUNG,Windows OS,Intel i3,8,512.0,15,2726.0,340.0,1,4.5,41990.0
HP,Windows OS,AMD Ryzen 7,4,256.0,15,82.0,6.0,1,4.1,23490.0
ASUS,Windows OS,Intel i7,16,1024.0,16,35.0,7.0,1,4.4,159990.0
ASUS,Chrome OS,Intel i1,4,512.0,15,2242.0,201.0,1,3.8,14990.0
SAMSUNG,Windows OS,Intel i7,16,512.0,14,914.0,78.0,1,4.1,139990.0
DELL,Windows OS,Intel i5,16,512.0,15,40.0,1.0,1,3.9,56099.0
Acer,Windows OS,AMD Ryzen 3,8,512.0,14,654.0,68.0,1,4.0,22999.0
Apple,Mac OS,Apple M series,16,512.0,15,914.0,78.0,1,4.1,144900.0
Infinix,Windows OS,Intel i7,32,1024.0,15,1190.0,167.0,1,4.0,71990.0
SAMSUNG,Windows OS,Intel i7,16,512.0,16,914.0,78.0,1,4.1,149990.0
SAMSUNG,Windows OS,Intel i7,16,1024.0,15,914.0,78.0,1,4.1,138990.0
Lenovo,Windows OS,AMD Ryzen 7,16,512.0,14,3.0,0.0,1,4.0,62190.0
Lenovo,Windows OS,AMD Ryzen 5,8,512.0,14,41.0,5.0,1,4.0,43990.0
SAMSUNG,Windows OS,Intel i7,32,1024.0,15,914.0,78.0,1,4.1,154990.0
SAMSUNG,Windows OS,Intel i7,32,1024.0,16,914.0,78.0,1,4.1,181990.0
DELL,Windows OS,Intel i5,16,512.0,16,20.0,1.0,1,4.4,62990.0
Acer,Windows OS,Intel i7,16,512.0,15,914.0,78.0,1,4.1,78990.0
ASUS,Windows OS,Intel i5,16,512.0,16,541.0,35.0,1,4.2,41990.0
ASUS,Windows OS,,16,512.0,14,914.0,78.0,1,4.1,129990.0
HP,Chrome OS,Intel i1,4,512.0,14,1960.0,141.0,1,4.1,19990.0
Lenovo,Chrome OS,MediaTek,8,512.0,14,1463.0,125.0,1,3.8,23850.0
HP,Windows OS,Intel i5,16,512.0,15,742.0,52.0,1,4.3,62990.0
Lenovo,Windows OS,Intel i5,16,512.0,14,22.0,2.0,1,3.9,68990.0
ASUS,Chrome OS,Intel i1,4,512.0,14,2594.0,228.0,1,3.8,13990.0
SAMSUNG,Windows OS,Intel i3,8,512.0,15,2726.0,340.0,1,4.5,41990.0
Lenovo,Windows OS,Intel i3,8,512.0,15,67.0,6.0,1,3.9,29490.0
DELL,Windows OS,Intel i3,8,256.0,15,18.0,0.0,1,4.3,42999.0
DELL,Windows OS,Intel i3,8,256.0,15,97.0,8.0,1,4.1,40610.0
HP,Chrome OS,MediaTek,4,512.0,14,7209.0,595.0,1,3.7,16140.0
ASUS,Chrome OS,Intel i1,4,512.0,15,2242.0,201.0,1,3.8,14990.0
SAMSUNG,Windows OS,Intel i7,16,512.0,15,914.0,78.0,1,4.1,122990.0
DELL,Windows OS,Intel i5,8,512.0,14,17.0,1.0,1,3.6,50990.0
ASUS,Windows OS,Intel i3,8,512.0,14,496.0,34.0,1,3.9,36990.0
SAMSUNG,Windows OS,Intel i5,16,512.0,15,914.0,78.0,1,4.1,114990.0
DELL,Windows OS,Intel i3,8,512.0,15,421.0,37.0,1,4.2,33990.0
SAMSUNG,Windows OS,Intel i5,16,512.0,15,125.0,11.0,1,4.3,69999.0
SAMSUNG,Windows OS,Intel i5,8,512.0,15,125.0,11.0,1,4.3,62990.0
HP,Windows OS,Intel i7,16,1024.0,15,53.0,6.0,1,3.9,96788.0
HP,Windows OS,AMD Ryzen 5,8,512.0,15,626.0,35.0,1,4.3,57990.0
SAMSUNG,Windows OS,Intel i3,8,512.0,15,2726.0,340.0,1,4.5,41990.0
ASUS,Chrome OS,Intel i1,4,512.0,14,2594.0,228.0,1,3.8,13990.0
Acer,Windows OS,Intel i3,8,512.0,15,810.0,69.0,1,4.1,30890.0
HP,Windows OS,Intel i3,8,512.0,15,1185.0,96.0,1,4.2,37800.0
CHUWI,Windows OS,Intel i1,8,256.0,14,1357.0,162.0,1,3.7,15990.0
Lenovo,Chrome OS,MediaTek,8,512.0,14,1463.0,125.0,1,3.8,23850.0
DELL,Windows OS,Intel i5,16,512.0,15,596.0,47.0,1,4.2,50499.0
HP,Windows OS,AMD Ryzen 3,8,512.0,14,3182.0,382.0,1,4.3,32998.0
HP,Windows OS,Intel i7,16,1024.0,15,53.0,6.0,1,3.9,96788.0
ASUS,Windows OS,Intel i5,16,512.0,15,3072.0,291.0,1,4.4,59890.0
HP,Chrome OS,Intel i1,4,512.0,14,1960.0,141.0,1,4.1,19990.0
SAMSUNG,Windows OS,Intel i7,16,512.0,14,914.0,78.0,1,4.1,139990.0
MSI,Windows OS,Intel i5,8,512.0,14,914.0,78.0,2,4.1,56990.0
DELL,Windows OS,Intel i5,16,512.0,16,914.0,78.0,1,4.1,63990.0
SAMSUNG,Windows OS,Intel i7,32,1024.0,15,914.0,78.0,1,4.1,154990.0
SAMSUNG,Windows OS,Intel i7,16,1024.0,15,914.0,78.0,1,4.1,138990.0
Lenovo,Windows OS,Intel i5,16,512.0,14,371.0,30.0,1,4.2,58190.0
MICROSOFT,Windows OS,Intel i5,16,256.0,14,914.0,78.0,1,4.1,99990.0
Acer,Windows OS,Intel i3,8,512.0,15,1218.0,111.0,1,4.1,33480.0
Lenovo,Windows OS,Intel i3,8,256.0,15,6.0,0.0,1,4.5,33990.0
SAMSUNG,Windows OS,Intel i7,32,1024.0,14,914.0,78.0,1,4.1,171990.0
SAMSUNG,Windows OS,Intel i7,16,1024.0,14,914.0,78.0,1,4.1,155990.0
Infinix,Windows OS,Intel i7,16,512.0,15,28.0,6.0,1,3.7,65340.0
DELL,Windows OS,Intel i5,8,512.0,15,238.0,21.0,1,4.1,48990.0
HP,Chrome OS,Intel i1,4,512.0,14,1960.0,141.0,1,4.1,19990.0
Lenovo,Chrome OS,MediaTek,8,512.0,14,1463.0,125.0,1,3.8,23850.0
DELL,Windows OS,Intel i5,8,256.0,15,319.0,22.0,1,4.1,44990.0
HP,Windows OS,AMD Ryzen 3,8,256.0,15,914.0,78.0,1,4.1,25780.0
Infinix,Windows OS,Intel i7,16,512.0,15,153.0,36.0,1,4.0,71990.0
Lenovo,Windows OS,Intel i7,16,1024.0,16,307.0,20.0,1,4.1,80190.0
ASUS,Chrome OS,Intel i1,4,512.0,14,2594.0,228.0,1,3.8,13990.0
SAMSUNG,Windows OS,Intel i3,8,512.0,15,2726.0,340.0,1,4.5,41990.0
MSI,Windows OS,Intel i7,16,1024.0,14,84.0,9.0,1,4.1,62990.0
ASUS,Windows OS,Intel i7,16,1024.0,15,914.0,78.0,1,4.1,82990.0
Acer,Windows OS,Intel i5,16,512.0,14,2692.0,194.0,1,4.1,40990.0
ASUS,Chrome OS,Intel i1,4,512.0,15,2242.0,201.0,1,3.8,14990.0
HP,Windows OS,AMD Ryzen 5,16,512.0,15,460.0,36.0,1,4.3,57999.0
ASUS,Windows OS,Intel i7,16,512.0,15,76.0,7.0,1,4.1,104990.0
HP,Windows OS,Intel i5,16,512.0,15,410.0,33.0,1,4.2,58490.0
HP,Windows OS,Intel i5,16,1024.0,14,119.0,8.0,1,4.4,80660.0
HP,Chrome OS,Intel i1,4,512.0,14,1750.0,136.0,1,3.9,23588.0
DELL,Windows OS,Intel i3,8,512.0,15,421.0,37.0,1,4.2,33990.0
Lenovo,Windows OS,Intel i1,8,256.0,15,13.0,0.0,2,3.5,25499.0
DELL,Windows OS,AMD Ryzen 3,8,512.0,15,17.0,2.0,1,3.9,30990.0
HP,Windows OS,AMD Ryzen 3,8,512.0,15,1966.0,171.0,1,4.2,30990.0
HP,Windows OS,Intel i5,8,512.0,15,6377.0,314.0,1,4.2,44499.0
DELL,Windows OS,Intel i3,8,256.0,15,488.0,36.0,1,4.2,36990.0
Acer,Windows OS,Intel i5,16,512.0,14,5009.0,447.0,1,4.3,60990.0
Infinix,Windows OS,Intel i7,32,1024.0,15,1190.0,167.0,1,4.0,71990.0
HP,Windows OS,Intel i5,16,512.0,15,221.0,13.0,1,4.1,55900.0
SAMSUNG,Windows OS,Intel i3,8,512.0,15,2726.0,340.0,1,4.5,41990.0
ASUS,Chrome OS,Intel i1,4,512.0,14,2594.0,228.0,1,3.8,13990.0
ASUS,Windows OS,Intel i7,16,1024.0,16,35.0,7.0,1,4.4,159990.0
ASUS,Windows OS,AMD Ryzen 7,16,512.0,16,11.0,1.0,1,4.5,79990.0
CHUWI,Windows OS,Intel i1,8,256.0,14,1357.0,162.0,1,3.7,15990.0
Lenovo,Chrome OS,MediaTek,8,512.0,14,1463.0,125.0,1,3.8,23850.0
Acer,Windows OS,Intel i5,16,512.0,15,35.0,2.0,1,4.3,65990.0
Acer,Windows OS,Intel i5,16,1024.0,15,205.0,11.0,1,3.7,50400.0
HP,Windows OS,Intel i5,8,512.0,15,742.0,52.0,1,4.3,59990.0
DELL,Windows OS,Intel i3,8,512.0,15,4554.0,327.0,1,4.3,33990.0
HP,Chrome OS,Intel i1,4,512.0,14,1960.0,141.0,1,4.1,19990.0
HP,Windows OS,Intel i5,16,512.0,15,236.0,9.0,1,4.0,59990.0
ASUS,Windows OS,AMD Ryzen 7,16,512.0,15,29.0,3.0,1,4.3,71100.0
HP,Windows OS,Intel i3,8,512.0,15,3.0,0.0,1,4.3,33900.0
HP,Windows OS,Intel i5,16,512.0,14,23.0,2.0,1,4.1,67990.0
HP,Chrome OS,Intel i1,4,512.0,14,1750.0,136.0,1,3.9,23588.0
DELL,Windows OS,Intel i5,16,512.0,15,9.0,2.0,1,4.1,97444.0
HP,Windows OS,Intel i3,8,512.0,15,914.0,78.0,1,4.1,40599.0
ASUS,Chrome OS,Intel i1,8,512.0,14,159.0,13.0,1,4.1,23990.0
HP,Windows OS,Intel i5,8,512.0,15,410.0,33.0,1,4.2,51190.0
CHUWI,Windows OS,Intel i1,8,256.0,14,392.0,66.0,1,4.1,17990.0
Acer,Windows OS,Intel i5,16,512.0,14,2692.0,194.0,1,4.1,40990.0
Acer,Windows OS,Intel i7,16,512.0,15,57.0,6.0,1,4.3,44900.0
Lenovo,Windows OS,Intel i7,16,512.0,14,41.0,3.0,1,4.3,82190.0
ASUS,Chrome OS,Intel i1,4,512.0,14,2594.0,228.0,1,3.8,13990.0
Lenovo,Chrome OS,MediaTek,8,512.0,14,1463.0,125.0,1,3.8,23850.0
Lenovo,Windows OS,AMD Ryzen 7,16,512.0,15,6.0,0.0,1,5.0,87990.0
Lenovo,Windows OS,Intel i3,8,256.0,15,212.0,17.0,1,4.1,40000.0
HP,Windows OS,AMD Ryzen 5,8,512.0,15,914.0,78.0,1,4.1,49990.0
HP,Windows OS,Intel i5,8,1024.0,15,61.0,2.0,1,4.2,48985.0
HP,Chrome OS,Intel i1,4,512.0,14,1960.0,141.0,1,4.1,19990.0
SAMSUNG,Windows OS,Intel i3,8,512.0,15,2726.0,340.0,1,4.5,41990.0
HP,Windows OS,AMD Ryzen 5,8,512.0,15,914.0,78.0,1,4.1,48999.0
Infinix,Windows OS,Intel i5,16,512.0,15,127.0,22.0,1,4.2,54527.0
Acer,Windows OS,Intel i5,16,512.0,14,2692.0,194.0,1,4.1,40990.0
ASUS,Chrome OS,Intel i1,4,512.0,15,2242.0,201.0,1,3.8,14990.0
ASUS,Windows OS,Intel i5,16,512.0,15,3.0,0.0,1,3.7,69990.0
Lenovo,Windows OS,Intel i3,8,512.0,15,67.0,6.0,1,3.9,29490.0
Lenovo,Windows OS,AMD Ryzen 7,32,1024.0,16,3.0,0.0,1,4.7,201190.0
HP,Windows OS,Intel i5,8,512.0,15,377.0,30.0,1,4.1,54990.0
HP,Chrome OS,Intel i1,4,512.0,14,1750.0,136.0,1,3.9,23588.0
CHUWI,Windows OS,Intel i1,8,256.0,14,1357.0,162.0,1,3.7,15990.0
ASUS,Windows OS,Intel i5,16,512.0,15,914.0,78.0,1,4.1,50990.0
DELL,Windows OS,Intel i3,8,512.0,14,91.0,8.0,1,4.0,32775.0
HP,Windows OS,Intel i5,8,512.0,15,6377.0,314.0,1,4.2,44499.0
SAMSUNG,Windows OS,Intel i7,16,512.0,14,914.0,78.0,1,4.1,139990.0
Lenovo,Windows OS,Intel i3,8,512.0,15,60.0,8.0,1,4.3,40190.0
ASUS,Windows OS,Intel i1,8,512.0,15,98.0,7.0,1,4.2,28587.0
Acer,Windows OS,AMD Ryzen 5,8,512.0,15,185.0,24.0,1,4.1,50999.0
Lenovo,Windows OS,Intel i5,16,512.0,14,914.0,78.0,1,4.1,48499.0
ASUS,Chrome OS,Intel i1,4,512.0,14,2594.0,228.0,1,3.8,13990.0
Lenovo,Chrome OS,MediaTek,8,512.0,14,1463.0,125.0,1,3.8,23850.0
HP,Windows OS,Intel i5,8,512.0,15,99.0,9.0,1,4.2,46900.0
HP,Windows OS,Intel i3,8,512.0,14,215.0,14.0,1,4.3,54500.0
HP,Chrome OS,Intel i1,4,512.0,14,1960.0,141.0,1,4.1,19990.0
SAMSUNG,Windows OS,Intel i3,8,512.0,15,2726.0,340.0,1,4.5,41990.0
Acer,Windows OS,Intel i3,16,512.0,15,20.0,0.0,1,3.7,32704.0
HP,Windows OS,AMD Ryzen 5,16,512.0,15,116.0,13.0,1,4.3,56990.0
Lenovo,Windows OS,Intel i3,8,512.0,15,914.0,78.0,1,4.1,34990.0
DELL,Windows OS,Intel i5,16,512.0,15,25.0,5.0,1,3.9,49903.0
Acer,Windows OS,Intel i5,16,512.0,14,2692.0,194.0,1,4.1,40990.0
ASUS,Chrome OS,Intel i1,4,512.0,15,2242.0,201.0,1,3.8,14990.0
DELL,Windows OS,AMD Ryzen 7,16,512.0,14,4.0,0.0,1,2.8,57500.0
Lenovo,Windows OS,AMD Ryzen 7,16,512.0,16,261.0,30.0,1,4.1,54989.0
HP,Chrome OS,Intel i1,4,512.0,14,1750.0,136.0,1,3.9,23588.0
CHUWI,Windows OS,Intel i1,8,256.0,14,1357.0,162.0,1,3.7,15990.0
Lenovo,Windows OS,Intel i5,16,512.0,14,914.0,78.0,1,4.1,68900.0
DELL,Windows OS,Intel i5,16,512.0,14,914.0,78.0,1,4.1,74990.0
SAMSUNG,Windows OS,Intel i7,16,512.0,15,914.0,78.0,1,4.1,122990.0
HP,Windows OS,AMD Ryzen 5,16,512.0,15,626.0,35.0,1,4.3,56990.0
ASUS,Chrome OS,Intel i1,4,512.0,14,2594.0,228.0,1,3.8,13990.0
Lenovo,Chrome OS,MediaTek,8,512.0,14,1463.0,125.0,1,3.8,23850.0
HP,Windows OS,AMD Ryzen 7,4,256.0,15,1737.0,129.0,1,4.0,22690.0
Acer,Windows OS,Intel i5,16,512.0,15,3675.0,296.0,1,4.1,53990.0
HP,Chrome OS,Intel i1,4,512.0,14,1960.0,141.0,1,4.1,19990.0
SAMSUNG,Windows OS,Intel i3,8,512.0,15,2726.0,340.0,1,4.5,41990.0
HP,Windows OS,Intel i7,16,512.0,15,20.0,1.0,1,4.1,92990.0
HP,Windows OS,AMD Ryzen 7,4,256.0,15,1737.0,129.0,1,4.0,22500.0
HP,Windows OS,Intel i7,16,1024.0,15,335.0,26.0,1,4.3,83990.0
Apple,Mac OS,Apple M series,8,256.0,14,552.0,39.0,1,4.7,97990.0
ASUS,Chrome OS,Intel i1,4,512.0,15,2242.0,201.0,1,3.8,14990.0
SAMSUNG,Windows OS,Intel i7,16,512.0,14,914.0,78.0,1,4.1,139990.0
Lenovo,Windows OS,AMD Ryzen 5,24,512.0,15,686.0,71.0,1,4.4,73490.0
Lenovo,Windows OS,Intel i7,16,512.0,14,158.0,18.0,1,4.1,93990.0
SAMSUNG,Windows OS,Intel i7,16,512.0,16,914.0,78.0,1,4.1,149990.0
SAMSUNG,Windows OS,Intel i7,16,1024.0,15,914.0,78.0,1,4.1,138990.0
DELL,Windows OS,Intel i5,8,512.0,15,1188.0,73.0,1,4.2,46990.0
ASUS,Windows OS,Intel i5,8,512.0,16,914.0,78.0,1,4.1,57899.0
ASUS,Windows OS,Intel i7,16,512.0,15,37.0,6.0,1,3.8,91990.0
Lenovo,Windows OS,AMD Ryzen 5,16,512.0,14,30.0,1.0,1,4.5,58490.0
SAMSUNG,Windows OS,Intel i7,32,1024.0,15,914.0,78.0,1,4.1,154990.0
SAMSUNG,Windows OS,Intel i7,32,1024.0,16,914.0,78.0,1,4.1,181990.0
Lenovo,Windows OS,AMD Ryzen 3,8,512.0,14,87.0,10.0,1,4.0,26890.0
ASUS,Windows OS,AMD Ryzen 5,16,512.0,15,914.0,78.0,1,4.1,71990.0
HP,Windows OS,Intel i5,8,512.0,15,87.0,7.0,1,4.1,44156.0
Lenovo,Windows OS,AMD Ryzen 5,16,512.0,14,914.0,78.0,1,4.1,51700.0
HP,Chrome OS,Intel i1,4,512.0,14,1960.0,141.0,1,4.1,19990.0
Lenovo,Chrome OS,MediaTek,8,512.0,14,1463.0,125.0,1,3.8,23850.0
Lenovo,Windows OS,Intel i7,16,512.0,16,914.0,78.0,1,4.1,75990.0
Acer,Windows OS,Intel i7,16,512.0,15,454.0,53.0,1,4.5,94990.0
ASUS,Chrome OS,Intel i1,4,512.0,14,2594.0,228.0,1,3.8,13990.0
SAMSUNG,Windows OS,Intel i3,8,512.0,15,2726.0,340.0,1,4.5,41990.0
Lenovo,Windows OS,Intel i5,16,512.0,15,914.0,78.0,1,4.1,44990.0
SAMSUNG,Windows OS,Intel i7,16,512.0,16,914.0,78.0,1,4.1,149990.0
HP,Windows OS,AMD Ryzen 5,16,512.0,14,1718.0,172.0,1,4.5,69083.0
HP,Windows OS,AMD Ryzen 5,16,512.0,15,1159.0,81.0,1,4.3,62990.0
Acer,Windows OS,Intel i5,16,512.0,14,2692.0,194.0,1,4.1,40990.0
ASUS,Chrome OS,Intel i1,4,512.0,15,2242.0,201.0,1,3.8,14990.0
Lenovo,Windows OS,AMD Ryzen 5,16,512.0,14,914.0,78.0,1,4.1,72690.0
Lenovo,Windows OS,AMD Ryzen 5,8,512.0,15,290.0,34.0,1,4.3,60590.0
HP,Chrome OS,Intel i1,4,512.0,14,1750.0,136.0,1,3.9,23588.0
DELL,Windows OS,Intel i3,8,512.0,15,421.0,37.0,1,4.2,33990.0
Apple,Mac OS,Apple M series,8,256.0,14,17381.0,1081.0,1,4.7,83990.0
HP,Windows OS,AMD Ryzen 5,16,512.0,14,314.0,22.0,1,4.2,58150.0
ASUS,Windows OS,Intel i3,8,512.0,15,9036.0,762.0,1,4.3,33990.0
Lenovo,Windows OS,AMD Ryzen 7,16,1024.0,16,3.0,0.0,1,4.7,156190.0
HP,Windows OS,AMD Ryzen 3,8,512.0,15,1966.0,171.0,1,4.2,30990.0
HP,Windows OS,Intel i5,8,512.0,15,6377.0,314.0,1,4.2,44499.0
HP,Windows OS,Intel i7,16,1024.0,15,8.0,0.0,1,3.9,95999.0
Lenovo,Windows OS,Intel i3,8,512.0,15,1261.0,92.0,1,4.2,34990.0
Lenovo,Windows OS,Intel i5,16,512.0,15,6200.0,426.0,1,4.2,49989.0
HP,Windows OS,AMD Ryzen 7,16,512.0,16,10.0,0.0,1,4.7,108890.0
ASUS,Chrome OS,Intel i1,4,512.0,14,2594.0,228.0,1,3.8,13990.0
SAMSUNG,Windows OS,Intel i3,8,512.0,15,2726.0,340.0,1,4.5,41990.0
MSI,Windows OS,Intel i3,8,512.0,15,73.0,4.0,1,4.2,36990.0
Acer,Windows OS,Intel i5,16,512.0,16,746.0,76.0,1,4.4,99990.0
Lenovo,Chrome OS,MediaTek,8,512.0,14,1463.0,125.0,1,3.8,23850.0
CHUWI,Windows OS,Intel i1,8,256.0,14,1357.0,162.0,1,3.7,15990.0
Apple,Mac OS,Apple M series,8,256.0,14,17381.0,1081.0,1,4.7,83990.0
HP,Windows OS,Intel i5,16,512.0,14,24.0,3.0,1,4.3,70899.0
Lenovo,Windows OS,Intel i3,8,256.0,15,742.0,37.0,1,4.2,33000.0
ASUS,Windows OS,AMD Ryzen 5,16,512.0,15,914.0,78.0,1,4.1,71990.0
HP,Chrome OS,Intel i1,4,512.0,14,1960.0,141.0,1,4.1,19990.0
HP,Chrome OS,Intel i1,4,512.0,14,1750.0,136.0,1,3.9,23588.0
DELL,Windows OS,Intel i7,16,512.0,14,914.0,78.0,1,4.1,77890.0
HP,Windows OS,Intel i5,16,512.0,15,11.0,0.0,1,2.8,50310.0
CHUWI,Windows OS,Intel i1,8,256.0,14,392.0,66.0,1,4.1,17990.0
Acer,Windows OS,Intel i5,16,512.0,14,2692.0,194.0,1,4.1,40990.0
DELL,Windows OS,Intel i5,8,512.0,14,6.0,0.0,1,4.8,75990.0
HP,Windows OS,AMD Ryzen 5,8,512.0,15,1677.0,139.0,1,4.2,55999.0
DELL,Windows OS,Intel i5,8,512.0,15,1188.0,73.0,1,4.2,46990.0
ASUS,Windows OS,Intel i5,16,512.0,16,188.0,12.0,1,4.4,69990.0
SAMSUNG,Windows OS,Intel i3,8,512.0,15,2726.0,340.0,1,4.5,41990.0
ASUS,Chrome OS,Intel i1,4,512.0,14,2594.0,228.0,1,3.8,13990.0
Apple,Mac OS,Apple M series,16,256.0,14,17381.0,1081.0,1,4.7,75990.0
ASUS,Windows OS,Intel i5,8,512.0,15,7148.0,676.0,1,4.4,51000.0
Lenovo,Windows OS,Intel i3,8,256.0,15,858.0,98.0,2,4.3,33800.0
DELL,Windows OS,Intel i5,8,512.0,15,468.0,36.0,1,3.9,43980.0
Lenovo,Chrome OS,MediaTek,8,512.0,14,1463.0,125.0,1,3.8,23850.0
CHUWI,Windows OS,Intel i1,8,256.0,14,1357.0,162.0,1,3.7,15990.0
ASUS,Windows OS,Intel i7,16,1024.0,15,914.0,78.0,1,4.1,89990.0
ASUS,Windows OS,AMD Ryzen 7,16,512.0,16,208.0,21.0,1,4.3,57700.0
HP,Chrome OS,Intel i1,4,512.0,14,1960.0,141.0,1,4.1,19990.0
SAMSUNG,Windows OS,Intel i7,16,512.0,14,914.0,78.0,1,4.1,139990.0
HP,Windows OS,Intel i3,8,256.0,15,213.0,16.0,1,4.1,31500.0
Lenovo,Windows OS,Intel i3,8,512.0,15,327.0,39.0,2,4.4,34999.0
Lenovo,Windows OS,AMD Ryzen 5,8,512.0,15,25.0,4.0,1,4.6,37990.0
HP,Windows OS,AMD Ryzen 5,8,512.0,14,8127.0,592.0,1,4.2,41668.0
SAMSUNG,Windows OS,Intel i7,32,1024.0,15,914.0,78.0,1,4.1,154990.0
SAMSUNG,Windows OS,Intel i7,16,1024.0,15,914.0,78.0,1,4.1,138990.0
Lenovo,Windows OS,Intel i3,8,256.0,15,3081.0,250.0,1,4.2,35990.0
Lenovo,Windows OS,Intel i5,8,512.0,15,47.0,10.0,1,4.1,48000.0
SAMSUNG,Windows OS,Intel i7,16,512.0,16,914.0,78.0,1,4.1,149990.0
SAMSUNG,Windows OS,Intel i7,32,1024.0,16,914.0,78.0,1,4.1,181990.0
Apple,Mac OS,Apple M series,16,256.0,14,552.0,39.0,1,4.7,106990.0
Acer,Windows OS,AMD Ryzen 5,16,512.0,15,6638.0,771.0,1,4.4,59500.0
Apple,Mac OS,Apple M series,16,512.0,15,330.0,19.0,1,4.7,154900.0
HP,Windows OS,Intel i3,8,512.0,14,914.0,78.0,1,4.1,35490.0
ASUS,Chrome OS,Intel i1,4,512.0,14,2594.0,228.0,1,3.8,13990.0
Lenovo,Chrome OS,MediaTek,8,512.0,14,1463.0,125.0,1,3.8,23850.0
Apple,Mac OS,Apple M series,8,512.0,14,330.0,19.0,1,4.7,116990.0
MSI,Windows OS,Intel i5,16,1024.0,15,3.0,0.0,2,4.7,89990.0
HP,Chrome OS,Intel i1,4,512.0,14,1960.0,141.0,1,4.1,19990.0
SAMSUNG,Windows OS,Intel i3,8,512.0,15,2726.0,340.0,1,4.5,41990.0
Apple,Mac OS,Apple M series,8,512.0,14,330.0,19.0,1,4.7,116990.0
Lenovo,Windows OS,Intel i3,8,512.0,15,3081.0,250.0,1,4.2,34990.0
Apple,Mac OS,Apple M series,8,512.0,14,1364.0,75.0,1,4.7,102990.0
ASUS,Windows OS,Intel i5,16,512.0,15,13.0,2.0,1,3.8,79890.0
ASUS,Chrome OS,Intel i1,4,512.0,15,2242.0,201.0,1,3.8,14990.0
SAMSUNG,Windows OS,Intel i5,16,512.0,15,914.0,78.0,1,4.1,114990.0
Lenovo,Windows OS,Intel i3,8,512.0,15,500.0,37.0,1,4.3,33490.0
HP,Windows OS,AMD Ryzen 3,8,512.0,15,74.0,7.0,1,4.1,24900.0
SAMSUNG,Windows OS,Intel i7,16,512.0,14,914.0,78.0,1,4.1,139990.0
SAMSUNG,Windows OS,Intel i7,16,512.0,16,914.0,78.0,1,4.1,149990.0
Lenovo,Windows OS,Intel i3,16,512.0,14,223.0,13.0,1,4.3,39490.0
HP,Windows OS,Intel i5,8,512.0,14,5.0,1.0,1,3.4,44975.0
HP,Windows OS,AMD Ryzen 5,8,512.0,15,1068.0,107.0,1,4.3,51990.0
HP,Windows OS,AMD Ryzen 5,16,512.0,15,914.0,78.0,1,4.1,61990.0
SAMSUNG,Windows OS,Intel i7,16,1024.0,15,914.0,78.0,1,4.1,138990.0
SAMSUNG,Windows OS,Intel i7,32,1024.0,15,914.0,78.0,1,4.1,154990.0
Ultimus,Windows OS,Intel i5,8,256.0,14,914.0,78.0,1,4.1,20890.0
ASUS,Windows OS,Intel i5,16,1024.0,14,914.0,78.0,1,4.1,112990.0
ASUS,Chrome OS,Intel i1,4,512.0,14,2594.0,228.0,1,3.8,13990.0
Lenovo,Chrome OS,MediaTek,8,512.0,14,1463.0,125.0,1,3.8,23850.0
HP,Windows OS,Intel i5,8,512.0,15,2797.0,149.0,1,4.3,53190.0
HP,Windows OS,Intel i3,8,512.0,14,12841.0,961.0,1,4.3,34700.0
HP,Windows OS,AMD Ryzen 7,16,1024.0,16,914.0,78.0,1,4.1,139990.0
Lenovo,Windows OS,Intel i5,8,512.0,15,124.0,15.0,1,4.0,53394.0
HP,Chrome OS,Intel i1,4,512.0,14,1960.0,141.0,1,4.1,19990.0
SAMSUNG,Windows OS,Intel i3,8,512.0,15,2726.0,340.0,1,4.5,41990.0
HP,Windows OS,Intel i3,8,512.0,15,6847.0,564.0,1,4.2,35250.0
ASUS,Windows OS,AMD Ryzen 5,8,512.0,14,464.0,43.0,1,4.4,57999.0
Acer,Windows OS,Intel i5,16,512.0,14,2692.0,194.0,1,4.1,40990.0
ASUS,Chrome OS,Intel i1,4,512.0,15,2242.0,201.0,1,3.8,14990.0
Apple,Mac OS,Apple M series,16,256.0,14,17381.0,1081.0,1,4.7,75990.0
ASUS,Windows OS,Intel i7,16,1024.0,15,7.0,2.0,1,4.3,119990.0
Acer,Windows OS,Intel i7,16,512.0,16,1269.0,108.0,1,4.4,102990.0
HP,Windows OS,AMD Ryzen 5,8,512.0,15,500.0,48.0,1,4.2,50990.0
HP,Chrome OS,Intel i1,4,512.0,14,1750.0,136.0,1,3.9,23588.0
CHUWI,Windows OS,Intel i1,8,256.0,14,1357.0,162.0,1,3.7,15990.0
ASUS,Windows OS,Intel i3,8,512.0,15,914.0,78.0,1,4.1,33990.0
Lenovo,Windows OS,Intel i3,8,512.0,15,19.0,0.0,1,3.9,32690.0
HP,Windows OS,Intel i5,8,512.0,15,6377.0,314.0,1,4.2,44499.0
DELL,Windows OS,Intel i3,8,512.0,15,421.0,37.0,1,4.2,33990.0
Lenovo,Windows OS,Intel i3,8,512.0,15,6844.0,603.0,1,4.3,33990.0
Acer,Windows OS,AMD Ryzen 3,8,512.0,15,914.0,78.0,1,4.1,27890.0
HP,Windows OS,Intel i5,16,512.0,15,543.0,44.0,1,4.1,49800.0
MSI,Windows OS,Intel i7,16,512.0,15,84.0,9.0,1,4.1,59990.0
ASUS,Chrome OS,Intel i1,4,512.0,14,2594.0,228.0,1,3.8,13990.0
Lenovo,Chrome OS,MediaTek,8,512.0,14,1463.0,125.0,1,3.8,23850.0
ASUS,Windows OS,Intel i7,8,1024.0,16,914.0,78.0,1,4.1,79991.0
HP,Windows OS,Intel i5,16,512.0,15,17.0,1.0,1,3.9,74500.0
HP,Chrome OS,Intel i1,4,512.0,14,1960.0,141.0,1,4.1,19990.0
SAMSUNG,Windows OS,Intel i3,8,512.0,15,2726.0,340.0,1,4.5,41990.0
HP,Windows OS,Intel i3,8,512.0,15,914.0,78.0,1,4.1,32990.0
Acer,Windows OS,Intel i5,16,512.0,15,36.0,4.0,1,3.5,69000.0
HP,Windows OS,Intel i3,8,512.0,14,914.0,78.0,1,4.1,35490.0
Lenovo,Windows OS,Intel i3,8,512.0,15,3081.0,250.0,1,4.2,34990.0
Acer,Windows OS,Intel i5,16,512.0,14,2692.0,194.0,1,4.1,40990.0
ASUS,Chrome OS,Intel i1,4,512.0,15,2242.0,201.0,1,3.8,14990.0
Apple,Mac OS,Apple M series,16,1024.0,14,914.0,78.0,1,4.1,163990.0
Lenovo,Windows OS,AMD Ryzen 5,16,512.0,15,290.0,34.0,1,4.3,69990.0
HP,Chrome OS,Intel i1,4,512.0,14,1750.0,136.0,1,3.9,23588.0
CHUWI,Windows OS,Intel i1,8,256.0,14,1357.0,162.0,1,3.7,15990.0
ASUS,Windows OS,Intel i7,32,1024.0,14,914.0,78.0,1,4.1,142990.0
ASUS,Windows OS,AMD Ryzen 7,8,512.0,15,2073.0,260.0,1,4.5,74999.0
HP,Windows OS,AMD Ryzen 5,16,512.0,15,914.0,78.0,1,4.1,69899.0
Lenovo,Windows OS,AMD Ryzen 5,16,512.0,15,215.0,19.0,1,4.2,71499.0
SAMSUNG,Windows OS,Intel i3,8,512.0,15,2726.0,340.0,1,4.5,41990.0
ASUS,Chrome OS,Intel i1,4,512.0,14,2594.0,228.0,1,3.8,13990.0
Acer,Windows OS,Intel i5,8,512.0,15,6.0,0.0,1,3.7,61500.0
ASUS,Windows OS,Intel i3,8,512.0,15,12739.0,1180.0,1,4.3,24990.0
CHUWI,Windows OS,Intel i1,8,256.0,14,1357.0,162.0,1,3.7,15990.0
Lenovo,Chrome OS,MediaTek,8,512.0,14,1463.0,125.0,1,3.8,23850.0
Colorful,Windows OS,Intel i7,16,512.0,15,50.0,9.0,2,4.5,91990.0
ASUS,Windows OS,AMD Ryzen 3,8,512.0,15,914.0,78.0,1,4.1,30990.0
Colorful,Windows OS,Intel i7,16,512.0,15,125.0,23.0,2,4.3,81990.0
Acer,Windows OS,Intel i5,8,512.0,14,353.0,36.0,1,3.7,45890.0
HP,Chrome OS,Intel i1,4,512.0,14,1960.0,141.0,1,4.1,19990.0
SAMSUNG,Windows OS,Intel i5,16,512.0,15,914.0,78.0,1,4.1,114990.0
Lenovo,Windows OS,Intel i5,16,512.0,15,320.0,40.0,1,4.3,83190.0
MSI,Windows OS,Intel i7,16,512.0,14,84.0,9.0,1,4.1,57990.0
SAMSUNG,Windows OS,Intel i7,16,512.0,14,914.0,78.0,1,4.1,139990.0
SAMSUNG,Windows OS,Intel i7,32,1024.0,15,914.0,78.0,1,4.1,154990.0
ASUS,Windows OS,Intel i5,8,1024.0,16,273.0,30.0,1,4.5,64500.0
Lenovo,Windows OS,Intel i3,8,256.0,15,43.0,5.0,1,4.3,34999.0
HP,Windows OS,Intel i5,16,512.0,15,17.0,1.0,1,3.9,74500.0
ASUS,Windows OS,AMD Ryzen 3,8,512.0,15,914.0,78.0,1,4.1,30990.0
SAMSUNG,Windows OS,Intel i7,16,1024.0,15,914.0,78.0,1,4.1,138990.0
SAMSUNG,Windows OS,Intel i7,32,1024.0,16,914.0,78.0,1,4.1,181990.0
Lenovo,Windows OS,Intel i5,16,512.0,15,914.0,108.0,1,4.3,69990.0
HP,Windows OS,AMD Ryzen 7,8,512.0,15,3942.0,292.0,1,4.1,31399.0
